1,Dahlia Solis,1689389292,sit.amet@aol.org
2,Gillian Bryant,8585775429,arcu@icloud.couk
3,Karen York,2133018106,nullam.scelerisque.neque@outlook.couk
4,Iliana Brady,6888891718,molestie.sodales@aol.net
5,Oprah Sanders,2363648494,sit.amet@hotmail.com
6,Kirk Morin,5469036084,auctor.velit.aliquam@hotmail.org
7,Ebony Drake,9455318067,sodales.elit@yahoo.couk
8,Kenyon Hayden,2686065456,in.faucibus@icloud.ca
9,Abraham Osborne,5107678768,lorem.semper@outlook.net
10,Emerson Walsh,0251744372,ultricies.sem@yahoo.com
11,Teegan Keller,6452401890,neque.sed.eget@aol.com
12,Kaseem Pittman,2503563327,cum.sociis@icloud.couk
13,Beau English,4665111451,congue.in.scelerisque@yahoo.com
14,Jade Fitzgerald,3444588743,quis.urna@aol.net
15,Holly Ortega,5773521844,vulputate.risus@aol.net
16,Haviva Guzman,8065776375,quisque.ac@outlook.com
17,Summer Daniel,7762730506,sit.amet@icloud.com
18,Allistair Madden,5571463480,nunc.lectus.pede@hotmail.edu
19,Flavia Moore,8657923260,at.velit@outlook.couk
20,Damian Blair,1781352428,cras.dictum.ultricies@google.org
21,Ulysses Duffy,8416950385,lacinia@yahoo.edu
22,Darius Santiago,7204887551,vitae.sodales@outlook.edu
23,Colt Sanders,5786126578,sit.amet.diam@google.com
24,Maggy Soto,3906151208,eu.placerat.eget@icloud.couk
25,Clinton Gregory,1186524122,sed.dui@outlook.org
26,Keane Mcleod,0342760832,gravida.praesent@google.ca
27,Nell Johnson,8813156837,mauris.vestibulum@outlook.com
28,Wang French,1563755482,morbi.non.sapien@aol.net
29,Conan Page,3595261481,scelerisque.scelerisque@hotmail.edu
30,Kalia Miller,8676615346,et@protonmail.edu
31,Alyssa Valentine,1232071859,vestibulum.massa.rutrum@protonmail.edu
32,Nicole Shaffer,1536422314,consectetuer.adipiscing@aol.org
33,Trevor Dunn,8170126392,vel@aol.net
34,Vincent Jordan,6115892562,sem.nulla.interdum@aol.net
35,Neve Wright,1821406848,est@icloud.edu
36,Harding Luna,4347365168,placerat@aol.com
37,Knox Crawford,5485898388,maecenas.mi@yahoo.com
38,Lareina Walker,6589634209,vulputate.ullamcorper.magna@aol.net
39,Bruce White,8043260155,convallis.erat.eget@google.com
40,Isabella Puckett,1454523672,augue.scelerisque@outlook.net
41,Nasim Holt,2562874496,diam.vel.arcu@google.couk
42,Robin Owen,5237572769,ullamcorper.nisl@yahoo.org
43,Roary Griffin,0555525213,enim.etiam.gravida@outlook.com
44,Malcolm Delaney,9041472566,faucibus.lectus@icloud.com
45,Jennifer Waller,1362335544,mauris.blandit.mattis@icloud.edu
46,Chester Mcguire,3322330562,etiam@icloud.com
47,Mollie Noble,8318264518,nibh@icloud.net
48,Eve Weaver,8478166589,neque.non@icloud.net
49,Neville Soto,6066631773,mauris@hotmail.org
50,Grant Lee,5093467416,id.sapien@hotmail.net
51,Gray Hall,8553215131,lectus@icloud.net
52,Jessamine Paul,0137418281,sodales.purus@protonmail.net
53,Lynn Gould,2953917353,purus@outlook.net
54,Price Parrish,4405267271,dictum.ultricies.ligula@icloud.org
55,Lillian Valencia,3174212271,praesent.interdum.ligula@yahoo.org
56,Rachel Houston,7839275521,sed.et.libero@yahoo.com
57,Vernon Frye,2141826121,aliquet.lobortis@outlook.net
58,Clio Jensen,3387181568,pellentesque.habitant.morbi@icloud.org
59,Scott Sears,8256621122,imperdiet.erat.nonummy@google.org
60,Lamar Osborne,8421924792,pede@yahoo.ca
61,Phelan Olsen,1282167552,molestie.dapibus@yahoo.org
62,Todd Oliver,9933564562,pede@protonmail.org
63,Linus Cardenas,6255732365,rutrum.urna@aol.edu
64,Ezra Kaufman,4971311567,primis@protonmail.couk
65,Roth Patel,3553548882,proin.velit@protonmail.ca
66,Dane Warren,9418774432,felis@icloud.com
67,Nissim Bruce,3921380238,aliquet.molestie@icloud.couk
68,Francis Lyons,3470754165,a.purus@icloud.com
69,Otto Vaughan,6061071465,facilisis.suspendisse@outlook.com
70,Zeph Benjamin,4632443072,proin.nisl@icloud.couk
71,Sharon Butler,1916333471,sociis.natoque@icloud.couk
72,Felix Perez,3251591211,pharetra.quisque@aol.org
73,Paula England,4188212128,erat.in.consectetuer@aol.couk
74,Merrill Snow,8871463764,orci.lobortis@icloud.ca
75,Laith Fischer,1435467647,eget@aol.ca
76,Teegan Price,2332016156,justo.nec@icloud.com
77,Damon Collins,0283190849,ut@hotmail.net
78,Vanna Dudley,4526516745,curabitur.consequat@hotmail.com
79,Keegan Rutledge,1117269523,phasellus@icloud.edu
80,Judah Sloan,7451278443,blandit.congue@outlook.couk
81,Marsden Hammond,1936837961,ridiculus@aol.net
82,Leah Suarez,3317803744,dictum@protonmail.ca
83,Amos Nguyen,4195217775,venenatis@hotmail.net
84,Vincent Vang,0553176142,odio.nam@google.ca
85,Jamal Spence,2701441081,sit@icloud.couk
86,Rhoda Osborn,1723488873,sed.id.risus@aol.couk
87,Jessica Mccullough,8244347388,arcu@aol.couk
88,Aquila Butler,8747886262,sed@hotmail.ca
89,Carlos Hess,6202365833,ipsum@icloud.couk
90,Colleen Russo,2581514567,pulvinar.arcu@protonmail.ca
91,James Padilla,8167749128,vitae@google.edu
92,Leandra Blackwell,1982578069,massa.mauris.vestibulum@google.edu
93,Cameron Charles,8514261115,placerat.augue@outlook.net
94,Hiram Banks,8065345951,fusce@outlook.couk
95,Glenna Castaneda,3814461311,turpis.egestas@protonmail.org
96,Felix Lowery,5428358608,cras.dolor.dolor@icloud.org
97,Aspen Graham,3414115745,nec.diam@google.couk
98,Clare Kirk,3534956120,magna.suspendisse@google.com
99,Yetta Hart,9877264548,venenatis@aol.edu
100,Oren Sharp,0363484197,sem.nulla@yahoo.com
